{
    "aqi": {
        "city": {
            "aqi": "66",
            "co": "1",
            "no2": "30",
            "o3": "155",
            "pm10": "53",
            "pm25": "40",
            "qlty": "良",
            "so2": "18"
        }
    },
    "basic": {
        "city": "上海",
        "cnty": "中国",
        "id": "CN101020100",
        "lat": "31.213000",
        "lon": "121.445000",
        "update": {
            "loc": "2015-10-16 16:50",
            "utc": "2015-10-16 08:50"
        }
    },
    "daily_forecast": [{
        "astro": {
            "sr": "05:57",
            "ss": "17:22"
        },
        "cond": {
            "code_d": "100",
            "code_n": "100",
            "txt_d": "晴",
            "txt_n": "晴"
        },
        "date": "2015-10-16",
        "hum": "48",
        "pcpn": "0.0",
        "pop": "0",
        "pres": "1019",
        "tmp": {
            "max": "26",
            "min": "18"
        },
        "vis": "10",
        "wind": {
            "deg": "74",
            "dir": "东北风",
            "sc": "微风",
            "spd": "7"
        }
    }, {
        "astro": {
            "sr": "05:58",
            "ss": "17:21"
        },
        "cond": {
            "code_d": "100",
            "code_n": "100",
            "txt_d": "晴",
            "txt_n": "晴"
        },
        "date": "2015-10-17",
        "hum": "50",
        "pcpn": "0.0",
        "pop": "0",
        "pres": "1019",
        "tmp": {
            "max": "25",
            "min": "18"
        },
        "vis": "10",
        "wind": {
            "deg": "67",
            "dir": "东北风",
            "sc": "微风",
            "spd": "7"
        }
    }, {
        "astro": {
            "sr": "05:58",
            "ss": "17:20"
        },
        "cond": {
            "code_d": "101",
            "code_n": "101",
            "txt_d": "多云",
            "txt_n": "多云"
        },
        "date": "2015-10-18",
        "hum": "58",
        "pcpn": "0.0",
        "pop": "0",
        "pres": "1018",
        "tmp": {
            "max": "25",
            "min": "18"
        },
        "vis": "10",
        "wind": {
            "deg": "58",
            "dir": "东风",
            "sc": "微风",
            "spd": "7"
        }
    }, {
        "astro": {
            "sr": "05:59",
            "ss": "17:19"
        },
        "cond": {
            "code_d": "101",
            "code_n": "101",
            "txt_d": "多云",
            "txt_n": "多云"
        },
        "date": "2015-10-19",
        "hum": "55",
        "pcpn": "0.0",
        "pop": "0",
        "pres": "1015",
        "tmp": {
            "max": "25",
            "min": "18"
        },
        "vis": "10",
        "wind": {
            "deg": "64",
            "dir": "东风",
            "sc": "微风",
            "spd": "7"
        }
    }, {
        "astro": {
            "sr": "06:00",
            "ss": "17:17"
        },
        "cond": {
            "code_d": "101",
            "code_n": "101",
            "txt_d": "多云",
            "txt_n": "多云"
        },
        "date": "2015-10-20",
        "hum": "64",
        "pcpn": "0.2",
        "pop": "63",
        "pres": "1014",
        "tmp": {
            "max": "25",
            "min": "19"
        },
        "vis": "10",
        "wind": {
            "deg": "78",
            "dir": "东北风",
            "sc": "微风",
            "spd": "7"
        }
    }, {
        "astro": {
            "sr": "06:00",
            "ss": "17:16"
        },
        "cond": {
            "code_d": "101",
            "code_n": "104",
            "txt_d": "多云",
            "txt_n": "阴"
        },
        "date": "2015-10-21",
        "hum": "64",
        "pcpn": "0.0",
        "pop": "19",
        "pres": "1015",
        "tmp": {
            "max": "25",
            "min": "19"
        },
        "vis": "10",
        "wind": {
            "deg": "69",
            "dir": "东北风",
            "sc": "微风",
            "spd": "7"
        }
    }, {
        "astro": {
            "sr": "06:01",
            "ss": "17:15"
        },
        "cond": {
            "code_d": "300",
            "code_n": "300",
            "txt_d": "阵雨",
            "txt_n": "阵雨"
        },
        "date": "2015-10-22",
        "hum": "73",
        "pcpn": "0.7",
        "pop": "45",
        "pres": "1015",
        "tmp": {
            "max": "25",
            "min": "19"
        },
        "vis": "10",
        "wind": {
            "deg": "61",
            "dir": "东风",
            "sc": "微风",
            "spd": "7"
        }
    }],
    "hourly_forecast": [{
        "date": "2015-10-16 16:00",
        "hum": "61",
        "pop": "0",
        "pres": "1019",
        "tmp": "25",
        "wind": {
            "deg": "70",
            "dir": "东北风",
            "sc": "微风",
            "spd": "15"
        }
    }, {
        "date": "2015-10-16 19:00",
        "hum": "76",
        "pop": "0",
        "pres": "1020",
        "tmp": "22",
        "wind": {
            "deg": "78",
            "dir": "东北风",
            "sc": "微风",
            "spd": "13"
        }
    }, {
        "date": "2015-10-16 22:00",
        "hum": "83",
        "pop": "0",
        "pres": "1020",
        "tmp": "21",
        "wind": {
            "deg": "89",
            "dir": "东风",
            "sc": "微风",
            "spd": "10"
        }
    }],
    "now": {
        "cond": {
            "code": "100",
            "txt": "晴"
        },
        "fl": "26",
        "hum": "51",
        "pcpn": "0",
        "pres": "1018",
        "tmp": "23",
        "vis": "10",
        "wind": {
            "deg": "90",
            "dir": "东北风",
            "sc": "3-4",
            "spd": "15"
        }
    },
    "status": "ok",
    "suggestion": {
        "comf": {
            "brf": "较舒适",
            "txt": "白天天气晴好，您在这种天气条件下，会感觉早晚凉爽、舒适，午后偏热。"
        },
        "cw": {
            "brf": "较适宜",
            "txt": "较适宜洗车，未来一天无雨，风力较小，擦洗一新的汽车至少能保持一天。"
        },
        "drsg": {
            "brf": "热",
            "txt": "天气热，建议着短裙、短裤、短薄外套、T恤等夏季服装。"
        },
        "flu": {
            "brf": "少发",
            "txt": "各项气象条件适宜，无明显降温过程，发生感冒机率较低。"
        },
        "sport": {
            "brf": "较适宜",
            "txt": "天气较好，户外运动请注意防晒。推荐您进行室内运动。"
        },
        "trav": {
            "brf": "适宜",
            "txt": "天气较好，温度适宜，是个好天气哦。这样的天气适宜旅游，您可以尽情地享受大自然的风光。"
        },
        "uv": {
            "brf": "强",
            "txt": "紫外线辐射强，建议涂擦SPF20左右、PA++的防晒护肤品。避免在10点至14点暴露于日光下。"
        }
    },
    "openweathermap_list": [{
        "dt": 1444996800,
        "main": {
            "temp": 289.48,
            "temp_min": 289.48,
            "temp_max": 290.761,
            "pressure": 1032.62,
            "sea_level": 1033.39,
            "grnd_level": 1032.62,
            "humidity": 73,
            "temp_kf": -1.29
        },
        "weather": [{
            "id": 800,
            "main": "Clear",
            "description": "sky is clear",
            "icon": "01n"
        }],
        "clouds": {
            "all": 0
        },
        "wind": {
            "speed": 3.57,
            "deg": 79.0022
        },
        "sys": {
            "pod": "n"
        },
        "dt_txt": "2015-10-16 12:00:00"
    }, {
        "dt": 1445007600,
        "main": {
            "temp": 286.32,
            "temp_min": 286.32,
            "temp_max": 287.178,
            "pressure": 1032.95,
            "sea_level": 1033.77,
            "grnd_level": 1032.95,
            "humidity": 92,
            "temp_kf": -0.86
        },
        "weather": [{
            "id": 800,
            "main": "Clear",
            "description": "sky is clear",
            "icon": "01n"
        }],
        "clouds": {
            "all": 0
        },
        "wind": {
            "speed": 2.41,
            "deg": 68.5043
        },
        "sys": {
            "pod": "n"
        },
        "dt_txt": "2015-10-16 15:00:00"
    }, {
        "dt": 1445018400,
        "main": {
            "temp": 284.53,
            "temp_min": 284.53,
            "temp_max": 284.957,
            "pressure": 1032.35,
            "sea_level": 1033.29,
            "grnd_level": 1032.35,
            "humidity": 88,
            "temp_kf": -0.43
        },
        "weather": [{
            "id": 800,
            "main": "Clear",
            "description": "sky is clear",
            "icon": "01n"
        }],
        "clouds": {
            "all": 0
        },
        "wind": {
            "speed": 1.48,
            "deg": 45.0029
        },
        "sys": {
            "pod": "n"
        },
        "dt_txt": "2015-10-16 18:00:00"
    }, {
        "dt": 1445029200,
        "main": {
            "temp": 284.381,
            "temp_min": 284.381,
            "temp_max": 284.381,
            "pressure": 1032.5,
            "sea_level": 1033.34,
            "grnd_level": 1032.5,
            "humidity": 86,
            "temp_kf": 0
        },
        "weather": [{
            "id": 800,
            "main": "Clear",
            "description": "sky is clear",
            "icon": "01n"
        }],
        "clouds": {
            "all": 0
        },
        "wind": {
            "speed": 2.26,
            "deg": 32.5045
        },
        "sys": {
            "pod": "n"
        },
        "dt_txt": "2015-10-16 21:00:00"
    }, {
        "dt": 1445040000,
        "main": {
            "temp": 292.098,
            "temp_min": 292.098,
            "temp_max": 292.098,
            "pressure": 1033.48,
            "sea_level": 1034.34,
            "grnd_level": 1033.48,
            "humidity": 78,
            "temp_kf": 0
        },
        "weather": [{
            "id": 800,
            "main": "Clear",
            "description": "sky is clear",
            "icon": "01d"
        }],
        "clouds": {
            "all": 0
        },
        "wind": {
            "speed": 3.45,
            "deg": 40.504
        },
        "sys": {
            "pod": "d"
        },
        "dt_txt": "2015-10-17 00:00:00"
    }, {
        "dt": 1445050800,
        "main": {
            "temp": 297.549,
            "temp_min": 297.549,
            "temp_max": 297.549,
            "pressure": 1032.91,
            "sea_level": 1033.84,
            "grnd_level": 1032.91,
            "humidity": 56,
            "temp_kf": 0
        },
        "weather": [{
            "id": 800,
            "main": "Clear",
            "description": "sky is clear",
            "icon": "01d"
        }],
        "clouds": {
            "all": 0
        },
        "wind": {
            "speed": 3.77,
            "deg": 50.0023
        },
        "sys": {
            "pod": "d"
        },
        "dt_txt": "2015-10-17 03:00:00"
    }, {
        "dt": 1445061600,
        "main": {
            "temp": 298.592,
            "temp_min": 298.592,
            "temp_max": 298.592,
            "pressure": 1030.85,
            "sea_level": 1031.72,
            "grnd_level": 1030.85,
            "humidity": 47,
            "temp_kf": 0
        },
        "weather": [{
            "id": 800,
            "main": "Clear",
            "description": "sky is clear",
            "icon": "01d"
        }],
        "clouds": {
            "all": 0
        },
        "wind": {
            "speed": 4.32,
            "deg": 54.5026
        },
        "sys": {
            "pod": "d"
        },
        "dt_txt": "2015-10-17 06:00:00"
    }, {
        "dt": 1445072400,
        "main": {
            "temp": 295.929,
            "temp_min": 295.929,
            "temp_max": 295.929,
            "pressure": 1030.76,
            "sea_level": 1031.67,
            "grnd_level": 1030.76,
            "humidity": 47,
            "temp_kf": 0
        },
        "weather": [{
            "id": 800,
            "main": "Clear",
            "description": "sky is clear",
            "icon": "01d"
        }],
        "clouds": {
            "all": 0
        },
        "wind": {
            "speed": 4.01,
            "deg": 60.0016
        },
        "sys": {
            "pod": "d"
        },
        "dt_txt": "2015-10-17 09:00:00"
    }, {
        "dt": 1445083200,
        "main": {
            "temp": 289.75,
            "temp_min": 289.75,
            "temp_max": 289.75,
            "pressure": 1032.05,
            "sea_level": 1032.86,
            "grnd_level": 1032.05,
            "humidity": 81,
            "temp_kf": 0
        },
        "weather": [{
            "id": 800,
            "main": "Clear",
            "description": "sky is clear",
            "icon": "01n"
        }],
        "clouds": {
            "all": 0
        },
        "wind": {
            "speed": 3.51,
            "deg": 63.5004
        },
        "sys": {
            "pod": "n"
        },
        "dt_txt": "2015-10-17 12:00:00"
    }, {
        "dt": 1445094000,
        "main": {
            "temp": 286.967,
            "temp_min": 286.967,
            "temp_max": 286.967,
            "pressure": 1031.91,
            "sea_level": 1032.8,
            "grnd_level": 1031.91,
            "humidity": 91,
            "temp_kf": 0
        },
        "weather": [{
            "id": 800,
            "main": "Clear",
            "description": "sky is clear",
            "icon": "01n"
        }],
        "clouds": {
            "all": 0
        },
        "wind": {
            "speed": 2.56,
            "deg": 52.501
        },
        "sys": {
            "pod": "n"
        },
        "dt_txt": "2015-10-17 15:00:00"
    }, {
        "dt": 1445104800,
        "main": {
            "temp": 284.913,
            "temp_min": 284.913,
            "temp_max": 284.913,
            "pressure": 1031.34,
            "sea_level": 1032.29,
            "grnd_level": 1031.34,
            "humidity": 90,
            "temp_kf": 0
        },
        "weather": [{
            "id": 800,
            "main": "Clear",
            "description": "sky is clear",
            "icon": "01n"
        }],
        "clouds": {
            "all": 0
        },
        "wind": {
            "speed": 1.56,
            "deg": 19.0017
        },
        "sys": {
            "pod": "n"
        },
        "dt_txt": "2015-10-17 18:00:00"
    }, {
        "dt": 1445115600,
        "main": {
            "temp": 284.81,
            "temp_min": 284.81,
            "temp_max": 284.81,
            "pressure": 1031.73,
            "sea_level": 1032.65,
            "grnd_level": 1031.73,
            "humidity": 87,
            "temp_kf": 0
        },
        "weather": [{
            "id": 800,
            "main": "Clear",
            "description": "sky is clear",
            "icon": "01n"
        }],
        "clouds": {
            "all": 0
        },
        "wind": {
            "speed": 2.58,
            "deg": 0.000305176
        },
        "sys": {
            "pod": "n"
        },
        "dt_txt": "2015-10-17 21:00:00"
    }, {
        "dt": 1445126400,
        "main": {
            "temp": 291.895,
            "temp_min": 291.895,
            "temp_max": 291.895,
            "pressure": 1033.23,
            "sea_level": 1033.92,
            "grnd_level": 1033.23,
            "humidity": 87,
            "temp_kf": 0
        },
        "weather": [{
            "id": 800,
            "main": "Clear",
            "description": "sky is clear",
            "icon": "01d"
        }],
        "clouds": {
            "all": 0
        },
        "wind": {
            "speed": 3.82,
            "deg": 16.501
        },
        "sys": {
            "pod": "d"
        },
        "dt_txt": "2015-10-18 00:00:00"
    }, {
        "dt": 1445137200,
        "main": {
            "temp": 297.506,
            "temp_min": 297.506,
            "temp_max": 297.506,
            "pressure": 1032.33,
            "sea_level": 1033.34,
            "grnd_level": 1032.33,
            "humidity": 57,
            "temp_kf": 0
        },
        "weather": [{
            "id": 800,
            "main": "Clear",
            "description": "sky is clear",
            "icon": "01d"
        }],
        "clouds": {
            "all": 0
        },
        "wind": {
            "speed": 4.28,
            "deg": 31.5083
        },
        "sys": {
            "pod": "d"
        },
        "dt_txt": "2015-10-18 03:00:00"
    }, {
        "dt": 1445148000,
        "main": {
            "temp": 298.627,
            "temp_min": 298.627,
            "temp_max": 298.627,
            "pressure": 1030.65,
            "sea_level": 1031.53,
            "grnd_level": 1030.65,
            "humidity": 47,
            "temp_kf": 0
        },
        "weather": [{
            "id": 800,
            "main": "Clear",
            "description": "sky is clear",
            "icon": "01d"
        }],
        "clouds": {
            "all": 0
        },
        "wind": {
            "speed": 4.98,
            "deg": 40.5016
        },
        "sys": {
            "pod": "d"
        },
        "dt_txt": "2015-10-18 06:00:00"
    }, {
        "dt": 1445158800,
        "main": {
            "temp": 295.808,
            "temp_min": 295.808,
            "temp_max": 295.808,
            "pressure": 1030.63,
            "sea_level": 1031.44,
            "grnd_level": 1030.63,
            "humidity": 45,
            "temp_kf": 0
        },
        "weather": [{
            "id": 800,
            "main": "Clear",
            "description": "sky is clear",
            "icon": "01d"
        }],
        "clouds": {
            "all": 0
        },
        "wind": {
            "speed": 4.56,
            "deg": 48.0022
        },
        "sys": {
            "pod": "d"
        },
        "dt_txt": "2015-10-18 09:00:00"
    }, {
        "dt": 1445169600,
        "main": {
            "temp": 290.043,
            "temp_min": 290.043,
            "temp_max": 290.043,
            "pressure": 1032.15,
            "sea_level": 1033.01,
            "grnd_level": 1032.15,
            "humidity": 80,
            "temp_kf": 0
        },
        "weather": [{
            "id": 800,
            "main": "Clear",
            "description": "sky is clear",
            "icon": "01n"
        }],
        "clouds": {
            "all": 0
        },
        "wind": {
            "speed": 4.06,
            "deg": 42.5034
        },
        "sys": {
            "pod": "n"
        },
        "dt_txt": "2015-10-18 12:00:00"
    }, {
        "dt": 1445180400,
        "main": {
            "temp": 287.27,
            "temp_min": 287.27,
            "temp_max": 287.27,
            "pressure": 1031.71,
            "sea_level": 1032.67,
            "grnd_level": 1031.71,
            "humidity": 91,
            "temp_kf": 0
        },
        "weather": [{
            "id": 800,
            "main": "Clear",
            "description": "sky is clear",
            "icon": "01n"
        }],
        "clouds": {
            "all": 0
        },
        "wind": {
            "speed": 2.97,
            "deg": 24.5008
        },
        "sys": {
            "pod": "n"
        },
        "dt_txt": "2015-10-18 15:00:00"
    }, {
        "dt": 1445191200,
        "main": {
            "temp": 286.416,
            "temp_min": 286.416,
            "temp_max": 286.416,
            "pressure": 1030.59,
            "sea_level": 1031.34,
            "grnd_level": 1030.59,
            "humidity": 91,
            "temp_kf": 0
        },
        "weather": [{
            "id": 800,
            "main": "Clear",
            "description": "sky is clear",
            "icon": "01n"
        }],
        "clouds": {
            "all": 0
        },
        "wind": {
            "speed": 3.1,
            "deg": 9.00269
        },
        "sys": {
            "pod": "n"
        },
        "dt_txt": "2015-10-18 18:00:00"
    }, {
        "dt": 1445202000,
        "main": {
            "temp": 287.235,
            "temp_min": 287.235,
            "temp_max": 287.235,
            "pressure": 1030.11,
            "sea_level": 1030.93,
            "grnd_level": 1030.11,
            "humidity": 93,
            "temp_kf": 0
        },
        "weather": [{
            "id": 802,
            "main": "Clouds",
            "description": "scattered clouds",
            "icon": "03n"
        }],
        "clouds": {
            "all": 32
        },
        "wind": {
            "speed": 3.47,
            "deg": 4.50229
        },
        "sys": {
            "pod": "n"
        },
        "dt_txt": "2015-10-18 21:00:00"
    }, {
        "dt": 1445212800,
        "main": {
            "temp": 292.155,
            "temp_min": 292.155,
            "temp_max": 292.155,
            "pressure": 1030.86,
            "sea_level": 1031.69,
            "grnd_level": 1030.86,
            "humidity": 98,
            "temp_kf": 0
        },
        "weather": [{
            "id": 500,
            "main": "Rain",
            "description": "light rain",
            "icon": "10d"
        }],
        "clouds": {
            "all": 88
        },
        "wind": {
            "speed": 3.35,
            "deg": 15.5002
        },
        "rain": {
            "3h": 0.075
        },
        "sys": {
            "pod": "d"
        },
        "dt_txt": "2015-10-19 00:00:00"
    }, {
        "dt": 1445223600,
        "main": {
            "temp": 295.253,
            "temp_min": 295.253,
            "temp_max": 295.253,
            "pressure": 1030.4,
            "sea_level": 1031.33,
            "grnd_level": 1030.4,
            "humidity": 70,
            "temp_kf": 0
        },
        "weather": [{
            "id": 500,
            "main": "Rain",
            "description": "light rain",
            "icon": "10d"
        }],
        "clouds": {
            "all": 92
        },
        "wind": {
            "speed": 4.56,
            "deg": 42.0023
        },
        "rain": {
            "3h": 0.0625
        },
        "sys": {
            "pod": "d"
        },
        "dt_txt": "2015-10-19 03:00:00"
    }, {
        "dt": 1445234400,
        "main": {
            "temp": 296.205,
            "temp_min": 296.205,
            "temp_max": 296.205,
            "pressure": 1028.78,
            "sea_level": 1029.8,
            "grnd_level": 1028.78,
            "humidity": 64,
            "temp_kf": 0
        },
        "weather": [{
            "id": 804,
            "main": "Clouds",
            "description": "overcast clouds",
            "icon": "04d"
        }],
        "clouds": {
            "all": 92
        },
        "wind": {
            "speed": 5.46,
            "deg": 43.0011
        },
        "rain": {},
        "sys": {
            "pod": "d"
        },
        "dt_txt": "2015-10-19 06:00:00"
    }, {
        "dt": 1445245200,
        "main": {
            "temp": 294.654,
            "temp_min": 294.654,
            "temp_max": 294.654,
            "pressure": 1028.69,
            "sea_level": 1029.59,
            "grnd_level": 1028.69,
            "humidity": 65,
            "temp_kf": 0
        },
        "weather": [{
            "id": 802,
            "main": "Clouds",
            "description": "scattered clouds",
            "icon": "03d"
        }],
        "clouds": {
            "all": 32
        },
        "wind": {
            "speed": 5.16,
            "deg": 43.5111
        },
        "rain": {},
        "sys": {
            "pod": "d"
        },
        "dt_txt": "2015-10-19 09:00:00"
    }, {
        "dt": 1445256000,
        "main": {
            "temp": 290.877,
            "temp_min": 290.877,
            "temp_max": 290.877,
            "pressure": 1029.61,
            "sea_level": 1030.29,
            "grnd_level": 1029.61,
            "humidity": 81,
            "temp_kf": 0
        },
        "weather": [{
            "id": 802,
            "main": "Clouds",
            "description": "scattered clouds",
            "icon": "03n"
        }],
        "clouds": {
            "all": 32
        },
        "wind": {
            "speed": 3.82,
            "deg": 46.5008
        },
        "rain": {},
        "sys": {
            "pod": "n"
        },
        "dt_txt": "2015-10-19 12:00:00"
    }, {
        "dt": 1445266800,
        "main": {
            "temp": 288.473,
            "temp_min": 288.473,
            "temp_max": 288.473,
            "pressure": 1029.47,
            "sea_level": 1030.3,
            "grnd_level": 1029.47,
            "humidity": 94,
            "temp_kf": 0
        },
        "weather": [{
            "id": 802,
            "main": "Clouds",
            "description": "scattered clouds",
            "icon": "03n"
        }],
        "clouds": {
            "all": 44
        },
        "wind": {
            "speed": 3.07,
            "deg": 27.5113
        },
        "rain": {},
        "sys": {
            "pod": "n"
        },
        "dt_txt": "2015-10-19 15:00:00"
    }, {
        "dt": 1445277600,
        "main": {
            "temp": 288.348,
            "temp_min": 288.348,
            "temp_max": 288.348,
            "pressure": 1028.98,
            "sea_level": 1029.9,
            "grnd_level": 1028.98,
            "humidity": 94,
            "temp_kf": 0
        },
        "weather": [{
            "id": 801,
            "main": "Clouds",
            "description": "few clouds",
            "icon": "02n"
        }],
        "clouds": {
            "all": 24
        },
        "wind": {
            "speed": 3.32,
            "deg": 19.0074
        },
        "rain": {},
        "sys": {
            "pod": "n"
        },
        "dt_txt": "2015-10-19 18:00:00"
    }, {
        "dt": 1445288400,
        "main": {
            "temp": 287.826,
            "temp_min": 287.826,
            "temp_max": 287.826,
            "pressure": 1028.9,
            "sea_level": 1029.81,
            "grnd_level": 1028.9,
            "humidity": 94,
            "temp_kf": 0
        },
        "weather": [{
            "id": 800,
            "main": "Clear",
            "description": "sky is clear",
            "icon": "01n"
        }],
        "clouds": {
            "all": 0
        },
        "wind": {
            "speed": 3.41,
            "deg": 20.5067
        },
        "rain": {},
        "sys": {
            "pod": "n"
        },
        "dt_txt": "2015-10-19 21:00:00"
    }, {
        "dt": 1445299200,
        "main": {
            "temp": 292.373,
            "temp_min": 292.373,
            "temp_max": 292.373,
            "pressure": 1029.82,
            "sea_level": 1030.73,
            "grnd_level": 1029.82,
            "humidity": 82,
            "temp_kf": 0
        },
        "weather": [{
            "id": 800,
            "main": "Clear",
            "description": "sky is clear",
            "icon": "01d"
        }],
        "clouds": {
            "all": 0
        },
        "wind": {
            "speed": 3.66,
            "deg": 32.0067
        },
        "rain": {},
        "sys": {
            "pod": "d"
        },
        "dt_txt": "2015-10-20 00:00:00"
    }, {
        "dt": 1445310000,
        "main": {
            "temp": 297.112,
            "temp_min": 297.112,
            "temp_max": 297.112,
            "pressure": 1029.18,
            "sea_level": 1030.2,
            "grnd_level": 1029.18,
            "humidity": 63,
            "temp_kf": 0
        },
        "weather": [{
            "id": 800,
            "main": "Clear",
            "description": "sky is clear",
            "icon": "01d"
        }],
        "clouds": {
            "all": 0
        },
        "wind": {
            "speed": 3.91,
            "deg": 57.0037
        },
        "rain": {},
        "sys": {
            "pod": "d"
        },
        "dt_txt": "2015-10-20 03:00:00"
    }, {
        "dt": 1445320800,
        "main": {
            "temp": 298.159,
            "temp_min": 298.159,
            "temp_max": 298.159,
            "pressure": 1027.41,
            "sea_level": 1028.38,
            "grnd_level": 1027.41,
            "humidity": 56,
            "temp_kf": 0
        },
        "weather": [{
            "id": 800,
            "main": "Clear",
            "description": "sky is clear",
            "icon": "01d"
        }],
        "clouds": {
            "all": 0
        },
        "wind": {
            "speed": 4.36,
            "deg": 66.5014
        },
        "rain": {},
        "sys": {
            "pod": "d"
        },
        "dt_txt": "2015-10-20 06:00:00"
    }, {
        "dt": 1445331600,
        "main": {
            "temp": 295.729,
            "temp_min": 295.729,
            "temp_max": 295.729,
            "pressure": 1027.46,
            "sea_level": 1028.33,
            "grnd_level": 1027.46,
            "humidity": 58,
            "temp_kf": 0
        },
        "weather": [{
            "id": 800,
            "main": "Clear",
            "description": "sky is clear",
            "icon": "01d"
        }],
        "clouds": {
            "all": 0
        },
        "wind": {
            "speed": 4.52,
            "deg": 73.0021
        },
        "rain": {},
        "sys": {
            "pod": "d"
        },
        "dt_txt": "2015-10-20 09:00:00"
    }, {
        "dt": 1445342400,
        "main": {
            "temp": 290.846,
            "temp_min": 290.846,
            "temp_max": 290.846,
            "pressure": 1028.9,
            "sea_level": 1029.58,
            "grnd_level": 1028.9,
            "humidity": 90,
            "temp_kf": 0
        },
        "weather": [{
            "id": 800,
            "main": "Clear",
            "description": "sky is clear",
            "icon": "01n"
        }],
        "clouds": {
            "all": 0
        },
        "wind": {
            "speed": 3.46,
            "deg": 75.0009
        },
        "rain": {},
        "sys": {
            "pod": "n"
        },
        "dt_txt": "2015-10-20 12:00:00"
    }, {
        "dt": 1445353200,
        "main": {
            "temp": 289.781,
            "temp_min": 289.781,
            "temp_max": 289.781,
            "pressure": 1028.73,
            "sea_level": 1029.54,
            "grnd_level": 1028.73,
            "humidity": 95,
            "temp_kf": 0
        },
        "weather": [{
            "id": 500,
            "main": "Rain",
            "description": "light rain",
            "icon": "10n"
        }],
        "clouds": {
            "all": 48
        },
        "wind": {
            "speed": 2.66,
            "deg": 68.5
        },
        "rain": {
            "3h": 0.0375
        },
        "sys": {
            "pod": "n"
        },
        "dt_txt": "2015-10-20 15:00:00"
    }, {
        "dt": 1445364000,
        "main": {
            "temp": 289.673,
            "temp_min": 289.673,
            "temp_max": 289.673,
            "pressure": 1028.29,
            "sea_level": 1029.05,
            "grnd_level": 1028.29,
            "humidity": 95,
            "temp_kf": 0
        },
        "weather": [{
            "id": 500,
            "main": "Rain",
            "description": "light rain",
            "icon": "10n"
        }],
        "clouds": {
            "all": 12
        },
        "wind": {
            "speed": 1.67,
            "deg": 50.5055
        },
        "rain": {
            "3h": 0.05
        },
        "sys": {
            "pod": "n"
        },
        "dt_txt": "2015-10-20 18:00:00"
    }, {
        "dt": 1445374800,
        "main": {
            "temp": 288.262,
            "temp_min": 288.262,
            "temp_max": 288.262,
            "pressure": 1028.03,
            "sea_level": 1028.91,
            "grnd_level": 1028.03,
            "humidity": 89,
            "temp_kf": 0
        },
        "weather": [{
            "id": 800,
            "main": "Clear",
            "description": "sky is clear",
            "icon": "02n"
        }],
        "clouds": {
            "all": 8
        },
        "wind": {
            "speed": 2.72,
            "deg": 41.5012
        },
        "rain": {},
        "sys": {
            "pod": "n"
        },
        "dt_txt": "2015-10-20 21:00:00"
    }]
}